{
    "datetime": "2025-11-20 17:03:20",
    "cpu_host": 34.5,
    "ram_host": 87.3,
    "cpu_python": 0.0,
    "ram_python_mb": 48.55859375,
    "latency_openai": 4.129073600000993,
    "latency_mongo": 0.04816730000311509,
    "latency_qdrant": 1.5275374000011652,
    "latencies": [
        1.2694694999991043,
        1.2787385000010545,
        0.7315392999989854,
        1.1363285000006726,
        2.2644412000008742,
        0.8995270000013988,
        0.9949823999995715,
        0.6266379999979108,
        1.1995834000008472,
        0.9128335000023071,
        0.8909151000007114,
        1.0818531999975676,
        0.811555700001918,
        0.774377400000958,
        1.7451670999980706,
        2.745990899999015,
        0.9577616999995371,
        1.0686765999998897,
        0.858239400000457,
        0.7367149999990943
    ],
    "failures": 0,
    "eventloop_avg_block": 0.00891487666643418,
    "eventloop_max_block": 0.013071600000694156,
    "stats": {
        "avg": 1.1492666699999972,
        "p50": 0.9577616999995371,
        "p95": 2.2644412000008742,
        "p99": 2.745990899999015
    }
}