{
    "datetime": "2025-11-17 22:01:13",
    "cpu_host": 20.4,
    "ram_host": 90.1,
    "cpu_python": 0.0,
    "ram_python_mb": 40.81640625,
    "latency_openai": 2.7113193000004685,
    "latency_mongo": 0.05356929999834392,
    "latency_qdrant": 1.100166199999876,
    "latencies": [
        1.3093618000002607,
        0.9898008000000118,
        0.8099655999994866,
        0.7102744999992865,
        0.9896193999993557,
        1.2198299000010593,
        1.049416800000472,
        0.7798588000005111,
        0.9703884999998991,
        0.8893403000001854,
        0.9397230999984458,
        0.7398339999999735,
        1.0798756000003777,
        1.069904600000882,
        0.9498384999988048,
        0.9405697999991389,
        1.1494703999997,
        0.9695799000000989,
        1.0399481000004016,
        0.8096838000001298
    ],
    "failures": 0,
    "eventloop_avg_block": 0.008847429999877926,
    "eventloop_max_block": 0.010499899999922485,
    "stats": {
        "avg": 0.970314209999924,
        "p50": 0.9695799000000989,
        "p95": 1.2198299000010593,
        "p99": 1.3093618000002607
    }
}