{
    "datetime": "2025-11-21 20:08:57",
    "cpu_host": 26.0,
    "ram_host": 79.2,
    "cpu_python": 0.0,
    "ram_python_mb": 40.99609375,
    "latency_openai": 1.733413399999904,
    "latency_mongo": 0.05096639999999297,
    "latency_qdrant": 0.9052661000000626,
    "latencies": [
        0.7288363000000118,
        0.6161326999999801,
        1.2921978000000536,
        0.7536618000000317,
        0.814306800000054,
        0.6925824999999577,
        0.8977718999999524,
        0.7652143999999907,
        0.8367116000000578,
        0.7938043999999991,
        1.189385399999992,
        0.8998637000000826,
        0.6507090000000062,
        0.7295646000000033,
        0.6313821999999618,
        0.7308049000000665,
        0.7766997999999603,
        0.5234826999999314,
        0.6560156000000461,
        0.7352473999999347
    ],
    "failures": 0,
    "eventloop_avg_block": 0.009515483333348123,
    "eventloop_max_block": 0.014764700000023362,
    "stats": {
        "avg": 0.7857187750000036,
        "p50": 0.7352473999999347,
        "p95": 1.189385399999992,
        "p99": 1.2921978000000536
    }
}