{
    "datetime": "2025-11-21 20:06:30",
    "cpu_host": 25.6,
    "ram_host": 92.9,
    "cpu_python": 0.0,
    "ram_python_mb": 40.828125,
    "latency_openai": 1.6105130999999346,
    "latency_mongo": 0.04633109999997487,
    "latency_qdrant": 3.3668993,
    "latencies": [
        2.5145301999999674,
        2.172839599999975,
        2.6377403000000186,
        2.6050848999999516,
        1.8557680999999775,
        2.4774840999999697,
        2.0888462000000345,
        2.249818199999936,
        2.1625152999999955,
        2.3764563000000862,
        2.488950499999987,
        2.042976299999964,
        2.4310420000000477,
        2.974112200000036,
        2.667143699999997,
        1.882697500000063,
        2.0975799999999936,
        1.7749463000000105,
        1.9729121000000305,
        2.633762499999989
    ],
    "failures": 0,
    "eventloop_avg_block": 0.009233680000007396,
    "eventloop_max_block": 0.011592599999994485,
    "stats": {
        "avg": 2.3053603150000015,
        "p50": 2.249818199999936,
        "p95": 2.667143699999997,
        "p99": 2.974112200000036
    }
}